{
    "emod": 35934810705.63814,
    "kratio": 2.7138837047473032,
    "pb_emod": 70634061227.55188,
    "pb_fric": 0.8034052171083412,
    "pb_coh": 103312597.3521935,
    "pb_ten": 158205274.76329508
}